"values","ind"
"Patient 1","GSE101607_PEP_GSE101607_PEP_raw.csv"
"Patient 2","GSE101607_PEP_GSE101607_PEP_raw.csv"
"Patient 3","GSE101607_PEP_GSE101607_PEP_raw.csv"
"Patient 4","GSE101607_PEP_GSE101607_PEP_raw.csv"
"Patient 5","GSE101607_PEP_GSE101607_PEP_raw.csv"
"Patient 6","GSE101607_PEP_GSE101607_PEP_raw.csv"
"Patient 7","GSE101607_PEP_GSE101607_PEP_raw.csv"
"Patient 8","GSE101607_PEP_GSE101607_PEP_raw.csv"
"Patient 9","GSE101607_PEP_GSE101607_PEP_raw.csv"
"Patient 10","GSE101607_PEP_GSE101607_PEP_raw.csv"
"Patient 11","GSE101607_PEP_GSE101607_PEP_raw.csv"
"Patient 12","GSE101607_PEP_GSE101607_PEP_raw.csv"
"Patient 13","GSE101607_PEP_GSE101607_PEP_raw.csv"
"Patient 14","GSE101607_PEP_GSE101607_PEP_raw.csv"
"Patient 15","GSE101607_PEP_GSE101607_PEP_raw.csv"
"Patient 16","GSE101607_PEP_GSE101607_PEP_raw.csv"
"Patient 17","GSE101607_PEP_GSE101607_PEP_raw.csv"
"Patient 18","GSE101607_PEP_GSE101607_PEP_raw.csv"
"Patient 19","GSE101607_PEP_GSE101607_PEP_raw.csv"
"Patient 20","GSE101607_PEP_GSE101607_PEP_raw.csv"
"Patient 21","GSE101607_PEP_GSE101607_PEP_raw.csv"
"Patient 22","GSE101607_PEP_GSE101607_PEP_raw.csv"
"Patient 23","GSE101607_PEP_GSE101607_PEP_raw.csv"
"Patient 24","GSE101607_PEP_GSE101607_PEP_raw.csv"
"Patient 25","GSE101607_PEP_GSE101607_PEP_raw.csv"
"Patient 26","GSE101607_PEP_GSE101607_PEP_raw.csv"
"Patient 27","GSE101607_PEP_GSE101607_PEP_raw.csv"
"Patient 28","GSE101607_PEP_GSE101607_PEP_raw.csv"
"Patient 29","GSE101607_PEP_GSE101607_PEP_raw.csv"
"Patient 30","GSE101607_PEP_GSE101607_PEP_raw.csv"
"Patient 31","GSE101607_PEP_GSE101607_PEP_raw.csv"
"Patient 32","GSE101607_PEP_GSE101607_PEP_raw.csv"
"Patient 33","GSE101607_PEP_GSE101607_PEP_raw.csv"
"Patient 34","GSE101607_PEP_GSE101607_PEP_raw.csv"
"Patient 35","GSE101607_PEP_GSE101607_PEP_raw.csv"
"Patient 36","GSE101607_PEP_GSE101607_PEP_raw.csv"
"Patient 37","GSE101607_PEP_GSE101607_PEP_raw.csv"
"Patient 38","GSE101607_PEP_GSE101607_PEP_raw.csv"
"Patient 39","GSE101607_PEP_GSE101607_PEP_raw.csv"
"Patient 40","GSE101607_PEP_GSE101607_PEP_raw.csv"
"Patient 41","GSE101607_PEP_GSE101607_PEP_raw.csv"
"Patient 42","GSE101607_PEP_GSE101607_PEP_raw.csv"
"Patient 43","GSE101607_PEP_GSE101607_PEP_raw.csv"
"Patient 44","GSE101607_PEP_GSE101607_PEP_raw.csv"
"Patient 45","GSE101607_PEP_GSE101607_PEP_raw.csv"
"Patient 46","GSE101607_PEP_GSE101607_PEP_raw.csv"
"Patient 47","GSE101607_PEP_GSE101607_PEP_raw.csv"
"Patient 48","GSE101607_PEP_GSE101607_PEP_raw.csv"
"Patient 49","GSE101607_PEP_GSE101607_PEP_raw.csv"
"Patient 50","GSE101607_PEP_GSE101607_PEP_raw.csv"
"Patient 51","GSE101607_PEP_GSE101607_PEP_raw.csv"
"Patient 52","GSE101607_PEP_GSE101607_PEP_raw.csv"
"Patient 53","GSE101607_PEP_GSE101607_PEP_raw.csv"
"Patient 54","GSE101607_PEP_GSE101607_PEP_raw.csv"
"Patient 55","GSE101607_PEP_GSE101607_PEP_raw.csv"
"Patient 56","GSE101607_PEP_GSE101607_PEP_raw.csv"
"Patient 57","GSE101607_PEP_GSE101607_PEP_raw.csv"
"Patient 58","GSE101607_PEP_GSE101607_PEP_raw.csv"
"Patient 59","GSE101607_PEP_GSE101607_PEP_raw.csv"
"Patient 60","GSE101607_PEP_GSE101607_PEP_raw.csv"
"prostate, tumor, untreated","GSE102124_PEP_GSE102124_PEP_raw.csv"
"prostate, tumor, treated","GSE102124_PEP_GSE102124_PEP_raw.csv"
"benign prostatic hyperplasia","GSE104749_PEP_GSE104749_PEP_raw.csv"
"prostate cancer","GSE104749_PEP_GSE104749_PEP_raw.csv"
"CRG","GSE11376_PEP_GSE11376_PEP_raw.csv"
"prostate","GSE115402_PEP_GSE115402_PEP_raw.csv"
"Prostate 7355","GSE12378_PEP_GSE12378_PEP_raw.csv"
"Prostate 7960","GSE12378_PEP_GSE12378_PEP_raw.csv"
"Prostate 543","GSE12378_PEP_GSE12378_PEP_raw.csv"
"Prostate 8341","GSE12378_PEP_GSE12378_PEP_raw.csv"
"Prostate 1624","GSE12378_PEP_GSE12378_PEP_raw.csv"
"Prostate 2211","GSE12378_PEP_GSE12378_PEP_raw.csv"
"Prostate 3128","GSE12378_PEP_GSE12378_PEP_raw.csv"
"Prostate 6490","GSE12378_PEP_GSE12378_PEP_raw.csv"
"Prostate 877","GSE12378_PEP_GSE12378_PEP_raw.csv"
"Prostate 9454","GSE12378_PEP_GSE12378_PEP_raw.csv"
"Prostate 2207","GSE12378_PEP_GSE12378_PEP_raw.csv"
"Prostate 8935","GSE12378_PEP_GSE12378_PEP_raw.csv"
"Prostate 9742","GSE12378_PEP_GSE12378_PEP_raw.csv"
"Prostate Normal 1","GSE12378_PEP_GSE12378_PEP_raw.csv"
"Prostate Normal 2","GSE12378_PEP_GSE12378_PEP_raw.csv"
"Prostate Normal 3","GSE12378_PEP_GSE12378_PEP_raw.csv"
"Prostate 7962","GSE12378_PEP_GSE12378_PEP_raw.csv"
"Prostate 1073","GSE12378_PEP_GSE12378_PEP_raw.csv"
"Prostate 10643","GSE12378_PEP_GSE12378_PEP_raw.csv"
"Prostate 10376","GSE12378_PEP_GSE12378_PEP_raw.csv"
"Prostate 9134","GSE12378_PEP_GSE12378_PEP_raw.csv"
"Prostate 2007","GSE12378_PEP_GSE12378_PEP_raw.csv"
"Prostate 6923","GSE12378_PEP_GSE12378_PEP_raw.csv"
"Prostate 908","GSE12378_PEP_GSE12378_PEP_raw.csv"
"Prostate 4551","GSE12378_PEP_GSE12378_PEP_raw.csv"
"Prostate 6469","GSE12378_PEP_GSE12378_PEP_raw.csv"
"Prostate 1266","GSE12378_PEP_GSE12378_PEP_raw.csv"
"Prostate 1586","GSE12378_PEP_GSE12378_PEP_raw.csv"
"Prostate 2243","GSE12378_PEP_GSE12378_PEP_raw.csv"
"Prostate 6838","GSE12378_PEP_GSE12378_PEP_raw.csv"
"Prostate 5726","GSE12378_PEP_GSE12378_PEP_raw.csv"
"prostate","GSE134051_PEP_GSE134051_PEP_raw.csv"
"prostate tissue","GSE134073_PEP_GSE134073_PEP_raw.csv"
"prostate","GSE134160_PEP_GSE134160_PEP_raw.csv"
"prostate tissue","GSE134168_PEP_GSE134168_PEP_raw.csv"
"prostate tissue (FFPE)","GSE134170_PEP_GSE134170_PEP_raw.csv"
"prostate biopsy","GSE134171_PEP_GSE134171_PEP_raw.csv"
"Prostate Core Biopsy","GSE138503_PEP_GSE138503_PEP_raw.csv"
"Prostate","GSE141551_PEP_GSE141551_PEP_raw.csv"
"prostate cancer","GSE14206_PEP_GSE14206_PEP_raw.csv"
"normal prostate","GSE14206_PEP_GSE14206_PEP_raw.csv"
"Prostate Cancer","GSE142288_PEP_GSE142288_PEP_raw.csv"
"Immortalized primary human prostate cancer associated fibroblasts (PF179TCAF) w/ shGR treated with DMSO","GSE150432_PEP_GSE150432_PEP_raw.csv"
"Immortalized primary human prostate cancer associated fibroblasts (PF179TCAF) w/ shGR treated with Dex","GSE150432_PEP_GSE150432_PEP_raw.csv"
"Immortalized primary human prostate cancer associated fibroblasts (PF179TCAF) w/ shGR treated with Dox+Dex","GSE150432_PEP_GSE150432_PEP_raw.csv"
"Immortalized primary human prostate cancer associated fibroblasts (PF179TCAF) w/ shGR treated with RU486+Dex","GSE150432_PEP_GSE150432_PEP_raw.csv"
"prostate cancer","GSE16120_PEP_GSE16120_PEP_raw.csv"
"normal prostate","GSE16120_PEP_GSE16120_PEP_raw.csv"
"human prostate in castrated mouse, 0 day","GSE17862_PEP_GSE17862_PEP_raw.csv"
"human prostate in castrated mouse, 1 day","GSE17862_PEP_GSE17862_PEP_raw.csv"
"human prostate in castrated mouse, 3 day","GSE17862_PEP_GSE17862_PEP_raw.csv"
"human prostate in castrated mouse, 7 day","GSE17862_PEP_GSE17862_PEP_raw.csv"
"human prostate in castrated mouse, 14 day","GSE17862_PEP_GSE17862_PEP_raw.csv"
"human prostate in testosterone-treated mouse, 0 day","GSE17862_PEP_GSE17862_PEP_raw.csv"
"human prostate in testosterone-treated mouse, 1 day","GSE17862_PEP_GSE17862_PEP_raw.csv"
"human prostate in testosterone-treated mouse, 3 day","GSE17862_PEP_GSE17862_PEP_raw.csv"
"human prostate in testosterone-treated mouse, 7day","GSE17862_PEP_GSE17862_PEP_raw.csv"
"human prostate in testosterone-treated mouse, 14 day","GSE17862_PEP_GSE17862_PEP_raw.csv"
"human prostate in testosterone-treated mouse, 7 day","GSE17862_PEP_GSE17862_PEP_raw.csv"
"prostate cancer","GSE186994_PEP_GSE186994_PEP_raw.csv"
"prostate","GSE193963_PEP_GSE193963_PEP_raw.csv"
"Xenograft tissue","GSE21887_PEP_GSE21887_PEP_raw.csv"
"FFPE PCa biopsy","GSE220095_PEP_GSE220095_PEP_raw.csv"
"prostate cancer","GSE221107_PEP_GSE221107_PEP_raw.csv"
"normal prostate","GSE221107_PEP_GSE221107_PEP_raw.csv"
"human prostate stromal cells","GSE232256_PEP_GSE232256_PEP_raw.csv"
"primary cultured prostate fibroblasts","GSE232256_PEP_GSE232256_PEP_raw.csv"
"Primary human prostate cancer associated fibroblasts (PAT1; 3148)  treated with DMSO","GSE240480_PEP_GSE240480_PEP_raw.csv"
"Primary human prostate cancer associated fibroblasts (PAT2; 1341)  treated with DMSO","GSE240480_PEP_GSE240480_PEP_raw.csv"
"Primary human prostate cancer associated fibroblasts (PAT3; 5201)  treated with DMSO","GSE240480_PEP_GSE240480_PEP_raw.csv"
"Primary human prostate cancer associated fibroblasts (PAT4; 1869)  treated with DMSO","GSE240480_PEP_GSE240480_PEP_raw.csv"
"Primary human prostate cancer associated fibroblasts (PAT1; 3148)  treated with Dex","GSE240480_PEP_GSE240480_PEP_raw.csv"
"Primary human prostate cancer associated fibroblasts (PAT2; 1341)  treated with Dex","GSE240480_PEP_GSE240480_PEP_raw.csv"
"Primary human prostate cancer associated fibroblasts (PAT3; 5201)  treated with Dex","GSE240480_PEP_GSE240480_PEP_raw.csv"
"Primary human prostate cancer associated fibroblasts (PAT4; 1869)  treated with Dex","GSE240480_PEP_GSE240480_PEP_raw.csv"
"Primary human prostate cancer associated fibroblasts (PAT1; 3148)  treated with RU486+Dex","GSE240480_PEP_GSE240480_PEP_raw.csv"
"Primary human prostate cancer associated fibroblasts (PAT2; 1341)  treated with RU486+Dex","GSE240480_PEP_GSE240480_PEP_raw.csv"
"Primary human prostate cancer associated fibroblasts (PAT3; 5201)  treated with RU486+Dex","GSE240480_PEP_GSE240480_PEP_raw.csv"
"Primary human prostate cancer associated fibroblasts (PAT4; 1869)  treated with RU486+Dex","GSE240480_PEP_GSE240480_PEP_raw.csv"
"malignant prostate cancer tissue","GSE246282_PEP_GSE246282_PEP_raw.csv"
"benign prostate tissue","GSE246282_PEP_GSE246282_PEP_raw.csv"
"Commercial","GSE26022_PEP_GSE26022_PEP_raw.csv"
"Prostate","GSE26022_PEP_GSE26022_PEP_raw.csv"
"prostatic cancer","GSE262276_PEP_GSE262276_PEP_raw.csv"
"Prostate (benign)","GSE262940_PEP_GSE262940_PEP_raw.csv"
"Normal prostate stroma","GSE26910_PEP_GSE26910_PEP_raw.csv"
"Stroma associated to prostate invasive tumor","GSE26910_PEP_GSE26910_PEP_raw.csv"
"Normal breast stroma","GSE26910_PEP_GSE26910_PEP_raw.csv"
"Stroma associated to breast invasive tumor","GSE26910_PEP_GSE26910_PEP_raw.csv"
"metastatic prostate cancer xenograft","GSE28029_PEP_GSE28029_PEP_raw.csv"
"non-metastatic prostate cancer xenograft","GSE28029_PEP_GSE28029_PEP_raw.csv"
"Prostate tissue","GSE290219_PEP_GSE290219_PEP_raw.csv"
"Human prostate epithelium","GSE29079_PEP_GSE29079_PEP_raw.csv"
"peripheral white blood cells, baseline","GSE30174_PEP_GSE30174_PEP_raw.csv"
"peripheral white blood cells, matched control","GSE30174_PEP_GSE30174_PEP_raw.csv"
"peripheral white blood cells, D1","GSE30174_PEP_GSE30174_PEP_raw.csv"
"peripheral white blood cells, D7","GSE30174_PEP_GSE30174_PEP_raw.csv"
"peripheral white blood cells, D14","GSE30174_PEP_GSE30174_PEP_raw.csv"
"peripheral white blood cells, D21","GSE30174_PEP_GSE30174_PEP_raw.csv"
"peripheral white blood cells, D42","GSE30174_PEP_GSE30174_PEP_raw.csv"
"peripheral white blood cells, D72","GSE30174_PEP_GSE30174_PEP_raw.csv"
"prostate biopsy sample","GSE30994_PEP_GSE30994_PEP_raw.csv"
"Prostate","GSE3325_PEP_GSE3325_PEP_raw.csv"
"pooled benign prostate tissue (Clontech)","GSE35988_PEP_GSE35988_PEP_raw.csv"
"normal human male DNA (Promega)","GSE35988_PEP_GSE35988_PEP_raw.csv"
"Prostate cancer metastasis","GSE38241_PEP_GSE38241_PEP_raw.csv"
"Normal Prostate","GSE38241_PEP_GSE38241_PEP_raw.csv"
"Human prostate tumor","GSE3868_PEP_GSE3868_PEP_raw.csv"
"Human prostate cancer tissue","GSE3868_PEP_GSE3868_PEP_raw.csv"
"Human prostate tumor tissue","GSE3868_PEP_GSE3868_PEP_raw.csv"
"Human normal prostate tissue","GSE3868_PEP_GSE3868_PEP_raw.csv"
"Human Benign Prostatic Hyperplasia (BPH) tissue","GSE3868_PEP_GSE3868_PEP_raw.csv"
"Cambrex company","GSE3868_PEP_GSE3868_PEP_raw.csv"
"ATCC company","GSE3868_PEP_GSE3868_PEP_raw.csv"
"Prostate cancer","GSE44353_PEP_GSE44353_PEP_raw.csv"
"Laser micro dissected prostate tumor tissue","GSE46602_PEP_GSE46602_PEP_raw.csv"
"Laser micro dissected benign prostate glands","GSE46602_PEP_GSE46602_PEP_raw.csv"
"prostate cancer tissues","GSE48430_PEP_GSE48430_PEP_raw.csv"
"adjacent normal tissues","GSE48430_PEP_GSE48430_PEP_raw.csv"
"human prostate cancer of untreated patient","GSE5377_PEP_GSE5377_PEP_raw.csv"
"BPH of untreated patient","GSE5377_PEP_GSE5377_PEP_raw.csv"
"BPH of patient treated with LHRH","GSE5377_PEP_GSE5377_PEP_raw.csv"
"human prostate cancer of hormone sensitive patient treated with LHRH","GSE5377_PEP_GSE5377_PEP_raw.csv"
"human prostate cancer treated with complete androgen blockade (CAB)","GSE5377_PEP_GSE5377_PEP_raw.csv"
"prostate cancer resistant against complete androgen blockade (CAB)","GSE5377_PEP_GSE5377_PEP_raw.csv"
"hormone resistant prostate cancer under LHRH treatment after androgen withrawal","GSE5377_PEP_GSE5377_PEP_raw.csv"
"human prostate tissue benign","GSE54516_PEP_GSE54516_PEP_raw.csv"
"human prostate tissue tumor","GSE54516_PEP_GSE54516_PEP_raw.csv"
"prostate","GSE54808_PEP_GSE54808_PEP_raw.csv"
"prostate","GSE55055_PEP_GSE55055_PEP_raw.csv"
"malignant tissue_TMPRSS2:ERG fusion negative","GSE55945_PEP_GSE55945_PEP_raw.csv"
"malignant tissue_TMPRSS2:ERG fusion positive","GSE55945_PEP_GSE55945_PEP_raw.csv"
"benign tissue","GSE55945_PEP_GSE55945_PEP_raw.csv"
"xenograft tumor","GSE56829_PEP_GSE56829_PEP_raw.csv"
"Normal prostate","GSE60117_PEP_GSE60117_PEP_raw.csv"
"Prostate cancer","GSE60117_PEP_GSE60117_PEP_raw.csv"
"Prostate Cancer","GSE60329_PEP_GSE60329_PEP_raw.csv"
"Prostate Commercial Reference","GSE60329_PEP_GSE60329_PEP_raw.csv"
"Normal Prostate","GSE60329_PEP_GSE60329_PEP_raw.csv"
"Congenital Nevi","GSE62372_PEP_GSE62372_PEP_raw.csv"
"Cutaneous primary melanoma","GSE62372_PEP_GSE62372_PEP_raw.csv"
"Human Prostate Cancer, Non-metastatic Tissue Sample","GSE6369_PEP_GSE6369_PEP_raw.csv"
"Human Prostate Cancer, Metastatic Tissue Sample","GSE6369_PEP_GSE6369_PEP_raw.csv"
"prostate biopsy from prostate cancer patient","GSE64318_PEP_GSE64318_PEP_raw.csv"
"prostate biopsy from prostate cancer patient","GSE64331_PEP_GSE64331_PEP_raw.csv"
"prostate biopsy from prostate cancer patient","GSE64333_PEP_GSE64333_PEP_raw.csv"
"Normal prostate","GSE6636_PEP_GSE6636_PEP_raw.csv"
"Normal prostate reference control","GSE6636_PEP_GSE6636_PEP_raw.csv"
"Normal breast","GSE6636_PEP_GSE6636_PEP_raw.csv"
"patient-derived fibroblasts","GSE68164_PEP_GSE68164_PEP_raw.csv"
"patient-derived fibroblasts","GSE68165_PEP_GSE68165_PEP_raw.csv"
"prostate","GSE69223_PEP_GSE69223_PEP_raw.csv"
"prostate biopsy from prostate cancer patient","GSE71781_PEP_GSE71781_PEP_raw.csv"
"prostate biopsy from prostate cancer patient","GSE71783_PEP_GSE71783_PEP_raw.csv"
"prostate cancer tissue","GSE76260_PEP_GSE76260_PEP_raw.csv"
"non_neoplastic prostate tissue","GSE76260_PEP_GSE76260_PEP_raw.csv"
"NEPC","GSE77624_PEP_GSE77624_PEP_raw.csv"
"Prostate adenocarcinoma","GSE77624_PEP_GSE77624_PEP_raw.csv"
"FFPE prostate tumor","GSE79021_PEP_GSE79021_PEP_raw.csv"
"FFPE normal_prostate","GSE79021_PEP_GSE79021_PEP_raw.csv"
"DU145 prostate cancer cells, Usp9XY shRNA, rep1","GSE79376_PEP_GSE79376_PEP_raw.csv"
"DU145 prostate cancer cells, transfection control, rep1","GSE79376_PEP_GSE79376_PEP_raw.csv"
"DU145 prostate cancer cells, unperturbed, rep1","GSE79376_PEP_GSE79376_PEP_raw.csv"
"DU145 prostate cancer cells, transfection control, rep2","GSE79376_PEP_GSE79376_PEP_raw.csv"
"DU145 prostate cancer cells, Usp9X shRNA, rep1","GSE79376_PEP_GSE79376_PEP_raw.csv"
"DU145 prostate cancer cells, Usp9XY shRNA, rep2","GSE79376_PEP_GSE79376_PEP_raw.csv"
"DU145 prostate cancer cells, Usp9XY shRNA, rep3","GSE79376_PEP_GSE79376_PEP_raw.csv"
"DU145 prostate cancer cells, unperturbed, rep2","GSE79376_PEP_GSE79376_PEP_raw.csv"
"DU145 prostate cancer cells, Usp9X shRNA, rep2","GSE79376_PEP_GSE79376_PEP_raw.csv"
"DU145 prostate cancer cells, unperturbed, rep3","GSE79376_PEP_GSE79376_PEP_raw.csv"
"DU145 prostate cancer cells, scrambled shRNA, rep1","GSE79376_PEP_GSE79376_PEP_raw.csv"
"DU145 prostate cancer cells, Usp9X shRNA, rep3","GSE79376_PEP_GSE79376_PEP_raw.csv"
"DU145 prostate cancer cells, scrambled shRNA, rep2","GSE79376_PEP_GSE79376_PEP_raw.csv"
"DU145 prostate cancer cells, scrambled shRNA, rep3","GSE79376_PEP_GSE79376_PEP_raw.csv"
"DU145 prostate cancer cells, transfection control, rep3","GSE79376_PEP_GSE79376_PEP_raw.csv"
"Human prostate","GSE84748_PEP_GSE84748_PEP_raw.csv"
"LuCaP 35CR_EOS: control, sample: 3","GSE85672_PEP_GSE85672_PEP_raw.csv"
"LuCaP 35CR_EOS: control, sample: 4","GSE85672_PEP_GSE85672_PEP_raw.csv"
"LuCaP 35CR_EOS: control, sample: 10","GSE85672_PEP_GSE85672_PEP_raw.csv"
"LuCaP 35CR_EOS: control, sample: 11","GSE85672_PEP_GSE85672_PEP_raw.csv"
"LuCaP 35CR_EOS: abi, sample: 6","GSE85672_PEP_GSE85672_PEP_raw.csv"
"LuCaP 35CR_EOS: abi, sample: 8","GSE85672_PEP_GSE85672_PEP_raw.csv"
"LuCaP 35CR_EOS: abi, sample: 14","GSE85672_PEP_GSE85672_PEP_raw.csv"
"LuCaP 35CR_EOS: abi, sample: 16","GSE85672_PEP_GSE85672_PEP_raw.csv"
"LuCaP 35CR_Day 7: control, sample: 1","GSE85672_PEP_GSE85672_PEP_raw.csv"
"LuCaP 35CR_Day 7: control, sample: 2","GSE85672_PEP_GSE85672_PEP_raw.csv"
"LuCaP 35CR_Day 7: control, sample: 7","GSE85672_PEP_GSE85672_PEP_raw.csv"
"LuCaP 35CR_Day 7: control, sample: 9","GSE85672_PEP_GSE85672_PEP_raw.csv"
"LuCaP 35CR_Day 7: abi, sample: 5","GSE85672_PEP_GSE85672_PEP_raw.csv"
"LuCaP 35CR_Day 7: abi, sample: 12","GSE85672_PEP_GSE85672_PEP_raw.csv"
"LuCaP 35CR_Day 7: abi, sample: 13","GSE85672_PEP_GSE85672_PEP_raw.csv"
"LuCaP 35CR_Day 7: abi, sample: 15","GSE85672_PEP_GSE85672_PEP_raw.csv"
"LuCaP 77_EOS: control, sample: 18","GSE85672_PEP_GSE85672_PEP_raw.csv"
"LuCaP 77_EOS: control, sample: 19","GSE85672_PEP_GSE85672_PEP_raw.csv"
"LuCaP 77_EOS: control, sample: 20","GSE85672_PEP_GSE85672_PEP_raw.csv"
"LuCaP 77_EOS: control, sample: 21","GSE85672_PEP_GSE85672_PEP_raw.csv"
"LuCaP 77_EOS: control, sample: 29","GSE85672_PEP_GSE85672_PEP_raw.csv"
"LuCaP 77_EOS: control CX, sample: 17","GSE85672_PEP_GSE85672_PEP_raw.csv"
"LuCaP 77_EOS: control CX, sample: 24","GSE85672_PEP_GSE85672_PEP_raw.csv"
"LuCaP 77_EOS: control CX, sample: 25","GSE85672_PEP_GSE85672_PEP_raw.csv"
"LuCaP 77_EOS: control CX, sample: 27","GSE85672_PEP_GSE85672_PEP_raw.csv"
"LuCaP 77_EOS: control CX, sample: 28","GSE85672_PEP_GSE85672_PEP_raw.csv"
"LuCaP 77_EOS: abi, sample: 22","GSE85672_PEP_GSE85672_PEP_raw.csv"
"LuCaP 77_EOS: abi, sample: 23","GSE85672_PEP_GSE85672_PEP_raw.csv"
"LuCaP 77_EOS: abi, sample: 26","GSE85672_PEP_GSE85672_PEP_raw.csv"
"LuCaP 77_EOS: abi, sample: 30","GSE85672_PEP_GSE85672_PEP_raw.csv"
"LuCaP 77_EOS: abi, sample: 31","GSE85672_PEP_GSE85672_PEP_raw.csv"
"LuCaP 96CR_EOS: control, sample: 33","GSE85672_PEP_GSE85672_PEP_raw.csv"
"LuCaP 96CR_EOS: control, sample: 40","GSE85672_PEP_GSE85672_PEP_raw.csv"
"LuCaP 96CR_EOS: control, sample: 44","GSE85672_PEP_GSE85672_PEP_raw.csv"
"LuCaP 96CR_EOS: control, sample: 45","GSE85672_PEP_GSE85672_PEP_raw.csv"
"LuCaP 96CR_EOS: abi, sample: 32","GSE85672_PEP_GSE85672_PEP_raw.csv"
"LuCaP 96CR_EOS: abi, sample: 36","GSE85672_PEP_GSE85672_PEP_raw.csv"
"LuCaP 96CR_EOS: abi, sample: 39","GSE85672_PEP_GSE85672_PEP_raw.csv"
"LuCaP 96CR_EOS: abi, sample: 41","GSE85672_PEP_GSE85672_PEP_raw.csv"
"LuCaP 96CR_EOS: abi, sample: 46","GSE85672_PEP_GSE85672_PEP_raw.csv"
"LuCaP 96CR_Day 7: control, sample: 34","GSE85672_PEP_GSE85672_PEP_raw.csv"
"LuCaP 96CR_Day 7: control, sample: 37","GSE85672_PEP_GSE85672_PEP_raw.csv"
"LuCaP 96CR_Day 7: control, sample: 42","GSE85672_PEP_GSE85672_PEP_raw.csv"
"LuCaP 96CR_Day 7: control, sample: 48","GSE85672_PEP_GSE85672_PEP_raw.csv"
"LuCaP 96CR_Day 7: abi, sample: 35","GSE85672_PEP_GSE85672_PEP_raw.csv"
"LuCaP 96CR_Day 7: abi, sample: 38","GSE85672_PEP_GSE85672_PEP_raw.csv"
"LuCaP 96CR_Day 7: abi, sample: 43","GSE85672_PEP_GSE85672_PEP_raw.csv"
"LuCaP 96CR_Day 7: abi, sample: 47","GSE85672_PEP_GSE85672_PEP_raw.csv"
"LuCaP 136_EOS: control, sample: 51","GSE85672_PEP_GSE85672_PEP_raw.csv"
"LuCaP 136_EOS: control, sample: 57","GSE85672_PEP_GSE85672_PEP_raw.csv"
"LuCaP 136_EOS: control, sample: 60","GSE85672_PEP_GSE85672_PEP_raw.csv"
"LuCaP 136_EOS: control, sample: 68","GSE85672_PEP_GSE85672_PEP_raw.csv"
"LuCaP 136_EOS: control CX, sample: 50","GSE85672_PEP_GSE85672_PEP_raw.csv"
"LuCaP 136_EOS: control CX, sample: 52","GSE85672_PEP_GSE85672_PEP_raw.csv"
"LuCaP 136_EOS: control CX, sample: 58","GSE85672_PEP_GSE85672_PEP_raw.csv"
"LuCaP 136_EOS: control CX, sample: 59","GSE85672_PEP_GSE85672_PEP_raw.csv"
"LuCaP 136_EOS: control CX, sample: 63","GSE85672_PEP_GSE85672_PEP_raw.csv"
"LuCaP 136_EOS: control CX, sample: 66","GSE85672_PEP_GSE85672_PEP_raw.csv"
"LuCaP 136_EOS: abi, sample: 55","GSE85672_PEP_GSE85672_PEP_raw.csv"
"LuCaP 136_EOS: abi, sample: 65","GSE85672_PEP_GSE85672_PEP_raw.csv"
"LuCaP 136_EOS: abi, sample: 67","GSE85672_PEP_GSE85672_PEP_raw.csv"
"LuCaP 136_EOS: abi, sample: 70","GSE85672_PEP_GSE85672_PEP_raw.csv"
"LuCaP 136_Day 7: control, sample: 54","GSE85672_PEP_GSE85672_PEP_raw.csv"
"LuCaP 136_Day 7: control, sample: 56","GSE85672_PEP_GSE85672_PEP_raw.csv"
"LuCaP 136_Day 7: control, sample: 61","GSE85672_PEP_GSE85672_PEP_raw.csv"
"LuCaP 136_Day 7: control, sample: 62","GSE85672_PEP_GSE85672_PEP_raw.csv"
"LuCaP 136_Day 7: abi, sample: 49","GSE85672_PEP_GSE85672_PEP_raw.csv"
"LuCaP 136_Day 7: abi, sample: 53","GSE85672_PEP_GSE85672_PEP_raw.csv"
"LuCaP 136_Day 7: abi, sample: 64","GSE85672_PEP_GSE85672_PEP_raw.csv"
"LuCaP 136_Day 7: abi, sample: 69","GSE85672_PEP_GSE85672_PEP_raw.csv"
"prostate_cancer_01","GSE9347_PEP_GSE9347_PEP_raw.csv"
"prostate_cancer_02","GSE9347_PEP_GSE9347_PEP_raw.csv"
"prostate_cancer_04","GSE9347_PEP_GSE9347_PEP_raw.csv"
"prostate_cancer_05","GSE9347_PEP_GSE9347_PEP_raw.csv"
"prostate_cancer_06","GSE9347_PEP_GSE9347_PEP_raw.csv"
"prostate_cancer_07","GSE9347_PEP_GSE9347_PEP_raw.csv"
"prostate_cancer_08","GSE9347_PEP_GSE9347_PEP_raw.csv"
"prostate_cancer_09","GSE9347_PEP_GSE9347_PEP_raw.csv"
"prostate_cancer_10","GSE9347_PEP_GSE9347_PEP_raw.csv"
"prostate_cancer_11","GSE9347_PEP_GSE9347_PEP_raw.csv"
"prostate_cancer_12","GSE9347_PEP_GSE9347_PEP_raw.csv"
"prostate_cancer_13","GSE9347_PEP_GSE9347_PEP_raw.csv"
"prostate_cancer_14","GSE9347_PEP_GSE9347_PEP_raw.csv"
"prostate_cancer_15","GSE9347_PEP_GSE9347_PEP_raw.csv"
"prostate_cancer_16","GSE9347_PEP_GSE9347_PEP_raw.csv"
"prostate_cancer_17","GSE9347_PEP_GSE9347_PEP_raw.csv"
"Prostatectomy - Normal","GSE94767_PEP_GSE94767_PEP_raw.csv"
"Prostatectomy - Stroma","GSE94767_PEP_GSE94767_PEP_raw.csv"
"Prostatectomy - Tumor","GSE94767_PEP_GSE94767_PEP_raw.csv"
"Prostatectomy - Low Tumor","GSE94767_PEP_GSE94767_PEP_raw.csv"
"Fibroblast","GSE94767_PEP_GSE94767_PEP_raw.csv"
